Baltimore Ravens,@DEN,@OAK,CIN,@PIT,CLE,@SF,@ARI,SD,BYE,JAX,STL@CLE,@MIA,SEA,KC,PIT,@CIN
Cincinnati Bengals,@OAK,SD,@BAL,KC,SEA,@BUF,BYE,@PIT,CLE,HOU,@ARI,STL,@CLE,PIT,@SF,@DEN,BAL
Cleveland Browns,
Pittsburgh Steelers,
Houston Texans,
Indianapolis Colts,
Jacksonville Jaguars,
Tennessee Titans,
Bufallo Bills,
Miami Dolphins,
New England Patriots,
New York Jets,
Denver Broncos,
Kansas City Chiefs,
Oakland Raiders,
San Diego Chargers,
Chicago Bears,
Detroit Lions,
Green Bay Packers,
Minnesota Vikings,
Atlanta Falcons,
Carolina Panthers,
New Orleans Saints,
Tampa Bay Buccaneers,
Dallas Cowboys,
Philadelphia Eagles,
Washington Redskins,
New York Giants,
Arizona Cardinals,
San Francisco 49ers,
Seattle Seahawks,
St. Louis Rams,
